"","TYPE","RETN","GPR15","LINC01924","ACKR1","GREM1","ACTA1","COL6A5","LINC02133","RGS1","ADAMDEC1","RPS4Y1","GSTM1","ZFP36","SLC2A3","LOC101926964","LOC101927136","LTF","ADAMTS4","SRRM4","ADIPOQ","TNFRSF13B","ATF3","ATF6B","C11orf87","MB","STMN2","CCL19","TTTY14","GSTT1","MIR3189","CSNK2B","CTLA4","MYBPC1","MYCNOS","MYL2","CXCL13","CCL21","CXCL2","CXCL6","HCRTR2","CYP4A22","CYR61","USP9Y","MYLK2","DCANP1","NR4A1","HLA-DPB1","IGLL5","CCL3","ITLN1","DDX3Y","JUNB","KCNQ2","UTY","CFHR1","CIDEA","CIDEC","DUSP1","CLC","DUSP13","CLEC4C","DUSP2","EGR1","PI3","PLA2G2D","EGR2","EGR3","FAM30A","RDH8","SLA","SPP1","TDRD1","GAPDH","ACTB","IFI27","ACTG1","AIRN","TPT1","ITM2B","ANGPTL3","APP","ATP2B3","B4GALNT4","LBP","XIST","CADM3","CD24","CD3D","LOC389332","CEBPD","CFH","PKM","CXCR3","EEF1A1","ENO1","PRR7","RARRES1","FMO1","FTH1"
"A11A","Advanced Diabetes",0.397763887,3.310221052,2.97937865,9.432538844,7.084098768,15.34886166,4.990298796,0.608075447,3.868859535,3.986626744,12.37011816,0.538265459,11.00914079,9.461847298,5.713654378,3.986626744,14.10909216,6.96652251,2.769487603,7.213216635,5.862684007,7.656132734,6.776689858,4.534858576,12.8131103,5.105318298,10.0214948,8.960718522,0.436158066,2.97937865,0.397763887,5.713654378,14.33092134,4.212293986,13.79708168,5.98105619,11.07165236,6.538688503,7.914216145,6.478057001,7.580012825,10.76907147,12.17038554,9.326897487,6.96652251,9.652199984,12.79744818,9.978934568,4.698918153,2.02678959,11.49368154,10.81658843,1.705805889,11.95511652,6.270311024,1.33296826,6.196266326,10.17494335,2.769487603,7.531534727,4.428714542,6.695364479,9.805294733,0.966201886,5.569897532,6.605987,6.304624909,9.770018307,5.862684007,10.08797433,16.28682377,7.225974708,15.73222605,16.58238663,10.02699412,15.67065864,7.508772943,16.17491885,15.06858786,9.976637379,15.53601695,6.236174254,3.485040257,6.583623427,3.7716396,7.903440805,14.35852818,7.425629035,11.37086583,11.36406454,11.6694853,14.59574473,7.463375853,17.8971029,15.25682391,6.79496561,9.586104,12.59059019,15.62672651
"A12A","Advanced Diabetes",0.435358187,4.992126462,2.487612698,9.699450366,5.314215924,4.024509556,6.524495849,1.3812812,4.383082752,5.560727816,12.17038554,9.3391238,11.50277944,9.767331372,5.560727816,2.777862212,13.70227951,9.167656254,3.633229056,10.79368286,3.905567504,8.295051468,6.690314592,2.777862212,0.704417815,2.654638801,10.48416946,8.931478362,11.09334572,3.633229056,7.313045945,5.151359527,2.487612698,3.301384602,0.435358187,3.633229056,11.28886011,6.674993257,8.732066296,1.54665979,9.322385856,11.00542169,11.92579836,1.54665979,6.690314592,10.79812088,11.91364097,12.77080493,5.560727816,2.487612698,11.14245796,11.33793396,1.055657271,11.53919548,6.674993257,8.301693924,8.2084935,10.6469643,2.892380915,0.397763887,4.729598477,6.218105582,10.45391038,1.3812812,5.098992931,7.268596954,6.674993257,8.736856168,0.435358187,9.982554921,16.52903858,6.818523558,15.8259157,16.76088266,10.42727341,15.73222605,7.285690559,15.69088072,15.18924956,9.899689225,15.44280356,6.072792941,5.482045454,6.320588852,0.397763887,8.817291809,14.0679425,6.832416993,11.22028109,11.78820634,11.69548992,14.61782391,7.7799215,17.69626797,15.27736572,7.71841376,9.588633002,12.86437258,15.97642811
"A13A","Advanced Diabetes",1.397102989,1.397102989,0.945074371,7.7379678,3.809963495,3.538287153,4.611453344,0.399363645,4.982576852,3.197097342,12.06269557,9.592220489,11.06678769,8.759851372,4.177777078,6.740304331,11.28960309,6.804042347,6.784768407,6.333748712,3.922736281,7.767067131,6.894170244,7.475109358,0.517137944,3.376495105,9.109733197,9.135809131,11.05162713,4.838628368,0.517137944,4.542370466,1.740769703,4.982576852,2.662250748,1.740769703,10.28626135,6.185063922,4.838628368,2.032767645,11.66574466,11.12997286,12.00961813,0.399363645,5.497257858,9.95749933,11.16000225,8.755262875,4.048778622,6.436501688,11.40881504,10.41588371,0.945074371,11.82796125,5.60820243,2.032767645,5.997889512,10.30156384,0.399363645,0.517137944,2.662250748,6.15758232,9.6768887,2.976389622,4.472279321,5.407554566,5.655517712,6.913985397,4.290122222,9.851512318,15.50597898,7.04938362,15.77882835,16.19815062,9.937322105,15.49081422,7.191736046,15.73222605,15.47535364,11.6559835,15.33194272,4.982576852,4.048778622,9.050597925,0.399363645,6.270311024,13.47741125,5.776340664,11.52138311,11.23044322,11.65093971,14.09218163,6.894170244,17.28196875,14.97941216,6.636223507,8.587091717,13.60863935,15.8259157
"A14A","Advanced Diabetes",0.538265459,7.561968168,2.055567944,9.577863171,7.071858518,2.998649634,4.154835286,1.705805889,4.495764638,4.863434937,12.29434886,10.32221792,11.50752033,9.280574618,5.462409296,6.703449004,14.02508758,7.680565385,4.60935761,7.712522979,6.237591935,7.858064509,7.556536568,3.197097342,0.397763887,2.708146745,10.59952773,9.032894077,1.3812812,4.319617393,0.397763887,5.093924519,1.042362669,5.60820243,0.538265459,2.840255054,11.49438369,5.152296597,6.639842711,0.397763887,10.93940914,11.17447398,12.15835798,0.397763887,7.195536144,9.274544594,12.88473146,14.11218704,3.421145623,6.127032905,11.43366856,10.741701,1.042362669,11.99818114,6.338748949,4.063750197,5.41360429,9.658895394,0.397763887,0.538265459,4.243738635,6.862110698,9.803062427,1.042362669,6.759605362,6.307783182,6.237591935,10.43566691,6.541266782,10.1360711,15.94524494,7.105645308,15.50597898,16.61932321,9.626026842,15.73222605,7.395170155,15.802615,15.44280356,10.16794749,15.69088072,5.876104227,4.906455989,7.395170155,1.705805889,7.164875763,14.08024925,7.303605752,11.70735099,11.20273716,11.91828036,14.29326146,8.04633093,17.49445805,15.1319202,6.959823875,8.773065859,13.4462804,15.67065864
"A15A","Advanced Diabetes",4.607630743,3.331364954,2.447212526,10.47659146,6.404712899,3.331364954,5.919503061,0.397763887,5.231776225,4.883616074,12.47705598,10.13038453,11.39449949,9.789677991,6.829680305,4.466830015,13.54023527,8.643150414,2.769487603,0.876175611,5.633877434,7.982145924,7.428343346,3.17860443,2.032767645,4.271576041,11.79394192,8.892731428,10.89036591,3.748914742,6.212314689,6.34809127,0.876175611,4.747057515,0.447356368,6.740524391,12.3183597,6.898593842,9.300735118,1.397102989,6.603557234,10.69528612,12.04635326,2.447212526,8.204565935,9.674947126,13.61053798,11.52940385,6.375698638,3.17860443,11.25943152,11.26428578,1.397102989,12.00189823,8.426464437,0.447356368,0.397763887,10.09353116,3.17860443,0.397763887,5.477232986,7.166564721,10.09512958,2.976389622,6.915085066,7.061527658,6.654139977,9.621445482,2.447212526,10.6816823,15.71455686,5.186177337,15.62672651,16.98702132,10.13843459,15.88453105,6.629621541,16.13628441,14.96961898,8.497772012,15.37601713,5.886401306,5.674391748,5.835143701,0.447356368,9.24491335,14.10909216,8.435097317,11.06084665,11.73271849,12.12943425,14.54378978,8.387250716,17.69626797,15.14027346,7.189002208,9.729709996,12.08800192,15.75425926
"A17A","Advanced Diabetes",7.350341069,2.769487603,2.769487603,10.76435828,6.436501688,3.207494659,7.105350399,1.442815717,5.935359525,3.856091811,13.32077771,9.854313627,11.30710512,9.702376584,6.411467652,4.447918473,15.34886166,8.514055595,0.849531882,0.397763887,3.856091811,8.565818561,0.397763887,2.158248653,2.540986841,5.421338247,10.95905846,9.25836157,0.451355762,4.447918473,0.451355762,6.157385979,0.451355762,4.144849952,0.451355762,2.158248653,12.15781124,7.621020459,9.805398779,0.849531882,9.299331178,11.77422167,11.81258679,4.18413245,7.063188377,9.637751002,13.00524951,14.02228149,6.654139977,3.936397297,11.18636295,11.78677388,0.397763887,11.48804087,9.003624471,0.451355762,2.158248653,11.06986166,6.267078787,1.442815717,4.674959418,7.210470429,9.873972515,3.491091337,5.160938999,6.990591746,6.371428026,8.499498346,0.451355762,10.16596297,16.98702132,8.48470963,16.43736443,16.61932321,10.6455576,16.22855028,6.474010344,16.68072034,15.02651881,9.349964468,15.1022361,3.207494659,6.008628165,7.683699042,5.209824596,8.905194608,14.4591425,7.990087128,11.89490262,12.609402,11.31281631,14.48389964,7.381754924,18.37069017,15.53601695,7.916726448,10.70002255,12.98982387,16.35549994
"A18A","Advanced Diabetes",5.839359387,3.980957649,5.101109053,11.24980657,4.743703943,7.820464132,5.997889512,0.788927876,4.263050366,4.603667768,2.353524895,8.778940923,11.19550926,10.48218373,5.497257858,2.650776869,12.68370607,7.75796721,2.807771653,5.154120018,5.458283212,7.85640938,7.45316142,0.788927876,4.501503704,3.685518103,11.09814066,0.788927876,10.34880538,5.305720231,6.552234516,5.997889512,5.916543851,3.040142366,3.980957649,3.685518103,10.31452293,6.683782191,6.552234516,1.854160221,8.212942667,10.31946581,1.854160221,4.353691548,8.114496386,8.9372683,8.225429324,12.83770759,5.053473161,2.353524895,2.650776869,11.30785783,5.678335891,2.353524895,5.101109053,2.353524895,4.676090506,11.09021416,6.719081162,3.584725954,5.942183178,7.297892381,9.428254033,5.778905114,5.305720231,7.163665768,6.349886783,9.930914177,7.07398402,10.99950198,15.35971531,6.773499493,15.21683794,16.98702132,10.36458971,15.8259157,7.246981559,15.88453105,14.35852818,6.665097251,15.53601695,6.719081162,7.675064746,5.346533134,15.85746057,8.878577802,14.50928189,8.69830919,9.433168397,11.73717537,10.88309334,14.99760703,8.358308244,17.49445805,15.03537442,7.847644195,9.03958212,11.07790592,15.67065864
"A19A","Advanced Diabetes",5.16697484,5.217230336,4.213134902,9.609690846,5.840663217,5.217230336,8.381987137,0.399363645,6.77808848,5.840663217,2.012436927,9.221480925,11.57199107,9.756278115,7.797541614,4.298834237,13.16238248,9.182436526,3.51372621,0.645282934,6.976706114,8.355213037,6.013622471,2.012436927,4.373161856,4.373161856,12.22853843,0.645282934,10.96223947,4.98945788,7.34121644,6.144951305,2.242143876,2.012436927,4.501503704,3.992474167,12.63002596,6.96471298,8.857353895,0.399363645,6.900106128,11.08751734,0.399363645,3.51372621,9.465751488,9.441861924,4.149542017,14.20517835,5.926498858,3.35397798,0.645282934,11.6559835,0.399363645,2.540986841,7.934925303,0.645282934,0.399363645,10.40965448,7.192661237,1.566656218,8.757712845,7.880617626,9.47206387,2.429539626,6.092767753,6.654139977,5.955066757,10.29698837,2.012436927,10.92182172,15.8259157,6.496295652,15.57152274,16.76088266,11.72918746,16.22855028,7.124218838,16.68072034,14.6339298,7.716192074,14.96961898,4.857742667,6.794115012,6.514145534,15.33194272,9.291102113,14.31774916,9.124748418,11.20819841,12.38843793,11.84151146,14.12915619,8.732978351,18.78094545,14.89969464,7.903440805,10.02847681,11.96201326,16.13628441
"A20A","Advanced Diabetes",1.911560965,1.911560965,3.264534831,10.35020156,7.06982917,0.397763887,8.07354607,2.514336283,5.584042184,5.376969294,1.911560965,0.539065338,11.04455717,9.540063254,7.285690559,2.514336283,14.28539008,8.12340908,0.397763887,0.539065338,4.985297707,8.242579061,0.539065338,0.539065338,2.987285997,5.155943439,10.6464741,1.369917564,1.369917564,4.861853255,7.153296236,5.333809569,0.539065338,2.650776869,2.514336283,1.369917564,12.04785288,6.196799484,9.096776512,2.253845551,6.930964257,11.14501124,1.369917564,3.816447167,7.16829499,9.565760861,12.54572576,13.80691667,5.756593252,4.027248285,0.539065338,11.11453623,2.253845551,0.397763887,9.177859132,0.539065338,1.369917564,10.04654934,7.257830981,0.539065338,6.982849207,6.8017545,9.5682159,2.253845551,5.02616628,6.098843363,5.827342876,9.281667454,1.369917564,10.32593116,17.49445805,6.465220269,15.802615,16.98702132,10.70177558,16.26304712,6.96829229,16.35549994,15.22917004,9.391556298,15.50597898,6.500646189,5.418447844,4.248793008,15.54868947,8.568138736,14.89969464,7.698311997,11.16108379,11.79412375,11.90482098,14.73640451,7.896313785,18.37069017,15.39118316,7.205003624,10.44830338,13.01877897,16.10230477
"A21A","Advanced Diabetes",0.436158066,1.090079389,5.791916165,9.773928621,5.152296597,2.97937865,4.740758791,0.538265459,3.212672835,3.509227588,12.0336095,9.238073375,11.18406349,9.421031766,3.864357507,3.74256284,12.74124292,9.139439082,3.081863027,0.397763887,2.533743319,8.168758238,5.618866482,0.397763887,0.397763887,0.397763887,10.55475453,9.081774445,11.05857673,5.746578992,7.41517509,3.864357507,0.397763887,2.72867262,0.436158066,5.152296597,10.60043578,7.326144155,6.183906,2.97937865,7.697687259,12.07538793,12.27444656,1.397102989,5.199075364,9.846661755,12.0797232,10.32755315,4.955007674,3.212672835,11.40600453,11.28567971,2.283226954,11.87538665,7.350489434,0.436158066,0.538265459,10.60723062,2.72867262,0.876175611,1.397102989,5.581902467,11.07667764,2.97937865,4.149542017,7.133392582,6.211366108,7.36197875,7.169778796,9.893127986,17.8971029,6.608272441,15.57152274,16.68072034,10.37110721,15.71455686,7.301268073,15.73222605,15.4288197,9.821698901,15.77882835,6.90446026,4.240585979,7.133392582,5.513473953,6.744924022,14.43576978,6.785916586,11.98772002,11.65357571,11.55418031,14.69522589,7.382723758,17.69626797,15.24279998,7.226183555,9.446954031,12.86946013,15.52792843
"A22A","Advanced Diabetes",0.485446671,3.785704203,3.282401135,9.958690997,5.569226609,2.654638801,5.370816482,0.397763887,7.900453181,3.600766498,12.0567618,0.397763887,13.1187774,9.892644128,5.529096207,5.213831017,13.22175983,7.693614891,3.87914731,0.397763887,5.569226609,10.1460226,5.65738101,2.840255054,1.365201229,3.282401135,9.583477391,9.032232083,0.923946856,4.785947706,6.20094042,5.701407153,0.485446671,5.418447844,0.397763887,0.397763887,10.48597668,7.287798944,8.267949854,2.186361507,7.447411073,12.26162338,12.27295876,2.353524895,6.312456567,10.49032751,8.814760579,13.34657185,7.433303503,2.186361507,11.57350003,12.72715646,3.282401135,12.20334344,6.261884497,0.485446671,1.365201229,13.01273051,1.966855497,0.397763887,4.542370466,7.348581752,12.95608787,0.923946856,4.918971843,7.230476832,6.312456567,9.317181623,8.543033645,9.732795121,16.32461221,7.186528291,15.40166813,16.84790866,10.04529598,15.73222605,7.447411073,15.77882835,15.37601713,9.720324371,15.90900093,6.825217755,4.785947706,6.716698363,5.163380914,7.479380265,14.68876777,7.370748861,11.34493888,11.07496146,11.3719482,14.75630371,7.760468146,17.8971029,15.26589204,7.069580682,9.41732759,12.61119239,15.54868947
"A23A","Advanced Diabetes",0.399363645,2.032767645,2.032767645,8.389837478,6.257955429,3.244968183,4.18413245,0.399363645,5.322412978,2.032767645,0.399363645,9.4996315,10.8210019,8.930615574,5.152296597,7.49162907,9.589729506,5.556676405,6.946426128,3.244968183,4.449290221,7.658450803,5.934529391,4.886056057,2.376768533,1.762438914,9.041688326,0.399363645,0.399363645,3.87914731,5.763908073,4.936463393,2.032767645,5.631979349,1.365201229,0.619439084,10.05657564,4.517928354,4.98945788,3.992474167,12.04962488,11.17288466,2.807771653,1.762438914,5.763908073,9.910499786,11.269613,11.25252922,3.406927339,3.651569895,1.365201229,10.16891378,0.399363645,1.762438914,5.66398379,1.762438914,1.365201229,10.33000987,0.619439084,0.619439084,3.244968183,6.225156473,9.101395772,0.619439084,4.18413245,5.247727851,4.67931586,8.215750481,4.763946886,9.769547451,15.97642811,7.079103846,15.35971531,16.17491885,9.919325055,15.21683794,7.214209449,15.88453105,15.30175638,10.42133567,15.50597898,6.581287436,5.66398379,7.705598193,15.75425926,7.013702751,13.67397878,6.225156473,11.90326368,11.01805139,11.3411254,14.07414653,7.350643372,17.49445805,14.93371402,6.225156473,8.186956206,13.83375695,15.62672651
"A24A","Advanced Diabetes",1.397102989,3.899470158,4.408191132,10.73035434,6.848806873,7.178909164,6.848806873,0.397763887,8.020436309,6.160632696,0.397763887,0.397763887,11.6162666,10.2391436,6.95883003,4.827139037,14.17252016,10.25023179,0.397763887,3.899470158,7.345152681,8.678643962,8.345263472,2.998649634,5.918696065,5.264840658,12.32660391,0.538265459,11.2088608,5.028081685,6.104776722,7.155740294,5.783097152,1.397102989,3.980957649,7.465422793,12.8801756,7.057216344,9.427460178,0.538265459,8.334355767,10.91773849,1.397102989,3.600766498,8.07012173,11.63562253,12.72778541,15.06858786,5.565921239,0.397763887,0.397763887,11.73060093,1.397102989,2.451590823,8.231222723,1.397102989,1.397102989,11.2151335,1.8756988,0.538265459,7.115649869,8.048650775,10.73962567,1.397102989,8.080878936,7.559201758,7.057216344,10.87143543,0.538265459,10.94490891,16.52903858,7.697962787,15.85746057,16.68072034,10.4532281,15.75425926,6.581287436,16.61932321,15.18924956,8.461920627,15.44280356,2.998649634,4.185781504,6.599885485,15.39118316,9.096653286,14.4803615,8.851692724,11.01659441,12.17648531,12.06890438,14.58301316,8.405158884,18.10830738,15.27736572,7.057216344,9.655340113,13.15683622,15.8259157
"A25A","Advanced Diabetes",4.617246683,3.689148801,3.409916366,10.58409189,7.76828278,2.592178929,7.86987581,2.451590823,6.104776722,7.051040667,2.078368242,2.078368242,11.30710512,9.785112835,5.885422472,4.437317079,11.46815228,8.196921118,5.483157035,8.243249139,5.728357638,7.592182086,0.397763887,4.123659967,1.654634553,4.187430557,11.62473783,0.445756611,0.849531882,2.769487603,0.445756611,5.82764932,0.849531882,4.035016674,0.849531882,2.592178929,11.93137424,5.585550566,7.794592268,1.868382253,12.23659533,10.58606919,2.078368242,2.451590823,8.505713546,9.923560894,12.10428216,13.70672415,5.376969294,4.74997253,0.849531882,10.91264972,2.078368242,1.365201229,6.330827143,5.5573194,6.99364772,10.07039151,5.412558884,1.365201229,7.176989067,7.01424231,10.01567876,1.868382253,6.468817679,7.123708634,7.157051568,10.77724579,1.365201229,10.63931553,16.17491885,6.734404728,15.49081422,16.84790866,11.5521078,15.59151284,7.023223475,15.64885183,15.30175638,9.804852829,15.57152274,3.207494659,5.156985482,7.07398402,15.71455686,9.363717167,13.85462971,7.637394493,11.06891587,11.39493646,12.43177337,14.33092134,8.660129698,17.15144268,14.96961898,7.01424231,10.39896203,12.95946259,15.50597898
"A26A","Advanced Diabetes",5.925599318,3.666370962,4.852808619,10.85802583,6.328865961,5.581902467,7.88185322,2.253845551,6.105066894,5.368031113,0.399363645,0.581817451,11.46206983,9.972076384,6.961571924,6.019528788,13.91295651,8.603382842,1.8756988,0.399363645,5.61485414,8.081546119,5.653703683,1.8756988,1.8756988,5.61485414,11.31737264,0.581817451,10.73510327,4.318276665,7.361599688,5.983387752,3.515999217,3.073819626,3.073819626,0.581817451,12.02538544,6.453645636,8.61005034,0.399363645,7.712522979,11.62473783,0.399363645,1.8756988,8.423018981,9.192890255,12.83565206,15.24279998,5.87001348,0.581817451,1.090079389,11.53693341,5.104620564,0.399363645,7.387432416,0.399363645,0.581817451,10.19468736,4.852808619,2.650776869,6.600294863,7.289766218,10.85420571,3.418956474,6.129017773,8.423018981,7.138313347,11.24471698,3.799929183,10.73304944,17.28196875,6.474944559,15.49081422,17.49445805,9.838240478,16.13628441,6.921744357,15.97642811,14.96059074,8.125697281,15.59151284,6.511005041,6.547871345,7.63027232,15.85746057,9.025714399,14.66808686,8.48231849,10.60823613,11.67320675,12.38385589,15.1022361,8.487974931,18.78094545,15.22917004,7.20116429,11.26464097,12.42908173,15.45965053
"A28A","Advanced Diabetes",0.671126785,7.855036226,3.350319706,10.24539886,7.424898285,2.504361916,7.155093959,0.431358794,6.542456456,5.812513449,12.28349346,9.080126113,11.51957016,10.82729269,6.77808848,2.880966757,14.58972442,9.497042268,3.207494659,0.397763887,5.915013049,8.515112709,7.374456247,3.816447167,1.635358149,6.451753976,11.39722801,8.55545316,10.69603848,4.487609391,6.451753976,6.691473651,2.504361916,1.893629882,0.431358794,4.560836361,12.13388971,6.588354096,8.742373784,1.283524232,9.11718695,11.24193882,12.17484714,2.72867262,8.406450728,10.06839338,13.4481501,14.17252016,5.100050992,2.203314383,11.58340784,11.03993564,1.283524232,12.15115858,8.40042369,0.431358794,0.671126785,10.53432353,4.149542017,0.397763887,6.379111209,6.966957608,11.0463214,2.203314383,7.070096833,7.324964824,6.728659439,9.924370479,6.401147436,10.69215673,15.71455686,6.966957608,15.49081422,16.98702132,10.25967166,15.97642811,7.16829499,16.13628441,15.1319202,9.019062723,15.59151284,6.330827143,5.36273747,5.943669994,5.557962395,8.2941985,14.57171651,8.284735058,9.962125619,11.0455421,12.40536641,14.42468485,8.244315022,17.8971029,15.11479227,6.274879409,9.640454137,12.19094333,15.85746057
"A29A","Advanced Diabetes",0.876175611,1.976491825,0.876175611,7.67837579,6.449496647,3.74256284,1.976491825,0.876175611,3.509227588,0.40256316,1.976491825,9.480288257,10.51684266,8.480428623,4.730835927,7.720040041,9.552117276,6.603557234,5.619184827,0.876175611,3.969236233,7.475365971,8.004857105,5.495287309,1.976491825,0.876175611,6.827047665,0.40256316,11.7278434,5.059598462,0.876175611,3.261214595,0.40256316,6.343093134,0.876175611,0.876175611,8.752722188,5.741918732,6.449496647,5.543912259,10.85286795,10.28595626,0.876175611,2.524310649,5.105318298,9.779653761,10.96475245,9.484837499,4.246265822,6.38683469,3.261214595,10.00608258,1.976491825,3.261214595,5.994315196,1.976491825,1.976491825,10.73385126,0.40256316,0.876175611,2.524310649,6.086686109,8.117618137,0.40256316,3.969236233,5.303686381,5.201814608,5.775384115,2.932638381,9.067449979,15.71455686,7.226516107,16.19815062,15.94524494,10.10751415,14.86786507,7.016294808,16.39757671,15.41656377,11.09444717,14.7925135,6.165950971,3.969236233,9.342819789,14.94177954,5.799407998,13.4557263,5.201814608,12.62531989,11.32390011,10.29852928,13.9629618,6.119404537,17.8971029,15.09186966,7.043831973,7.914786299,14.11528903,16.07538853
"A30A","Advanced Diabetes",3.922736281,6.701168893,2.992002333,9.840951693,7.905596549,3.224946509,5.103922831,1.819868736,7.546324808,6.23860966,13.1872982,10.65310039,11.29870671,10.05201828,5.5573194,4.608249468,11.77462379,7.355977006,2.760054933,3.922736281,7.054656522,8.146194521,6.763517732,3.922736281,2.012436927,2.992002333,12.9466136,8.679063056,0.923946856,3.464188365,0.451355762,7.512053972,2.760054933,5.103922831,0.451355762,8.878709687,13.15458398,6.453645636,8.777240335,2.529026984,9.609990569,11.09583264,12.24102187,2.012436927,8.089865415,8.946589251,13.01161175,13.24480165,4.933155652,3.680782075,11.53671931,11.00665941,3.788994051,12.08618465,7.566016228,0.397763887,4.121132781,10.22606513,5.284455867,0.397763887,4.988814885,7.951100065,9.094643565,1.365201229,8.012156998,7.020811263,6.493924747,10.23222226,0.451355762,10.77338071,15.34886166,6.559420125,15.60776231,16.76088266,10.4532281,15.94524494,5.74054958,17.15144268,15.06858786,9.207134176,14.45398529,3.788994051,5.328140484,7.885479633,5.155943439,7.790475191,14.06160767,9.194623398,11.17447398,11.6160971,12.10204965,13.95583324,8.146194521,18.37069017,15.00803398,6.559420125,9.913972215,12.9308392,16.43736443
"A31A","Advanced Diabetes",2.764771268,2.436186927,6.25259629,10.85361397,2.436186927,5.733273277,7.599067895,3.30437363,4.671411255,4.974651751,1.911560965,2.436186927,11.37759098,10.25524347,4.103112795,4.912920219,17.28196875,10.24778002,2.436186927,6.455941153,3.785704203,9.151175564,5.65738101,1.365201229,1.365201229,0.399363645,5.075601443,0.607275569,2.436186927,6.002469741,0.607275569,3.876254437,4.974651751,2.764771268,2.764771268,4.190317439,9.077616886,7.731747938,6.600294863,2.97937865,6.619344412,12.28909398,2.436186927,3.478989176,4.447918473,9.332249869,11.13901574,13.11418127,6.10985839,0.607275569,0.399363645,12.20334344,6.953746649,2.436186927,7.413853623,0.399363645,6.600294863,10.76763681,2.764771268,1.365201229,1.365201229,5.827342876,10.91994995,4.447918473,1.911560965,7.28276861,6.314390548,8.241578804,0.399363645,9.754407749,18.37069017,6.333748712,15.51983992,16.84790866,9.539422924,16.10230477,7.340088262,15.60776231,14.8205025,7.753045149,16.04501939,5.023887837,6.10985839,7.655617527,15.35971531,7.246352302,15.12170168,7.106119391,10.89094243,12.39735134,11.39150509,15.34886166,7.413853623,17.8971029,15.67065864,8.1092501,10.45090886,11.39150509,15.24279998
"A32A","Advanced Diabetes",0.538265459,0.397763887,2.230442202,8.996771356,4.351313741,2.230442202,5.197445352,0.397763887,4.652172711,4.13182593,0.397763887,9.10536399,11.39092327,9.6768887,6.23473351,5.522650574,12.49647462,9.346232114,3.79572521,7.824123106,5.151359527,8.799859707,0.538265459,2.69459396,2.230442202,1.976491825,8.14611513,0.538265459,12.32002562,4.513837929,5.653703683,4.231529702,0.538265459,3.79572521,0.538265459,2.960678077,9.548501212,6.210079129,7.340629313,1.591368981,8.485564309,10.66311947,1.976491825,1.157068766,4.847241442,11.26048167,11.23479594,14.915698,4.847241442,4.513837929,0.397763887,11.25784269,0.538265459,1.157068766,5.362322404,5.197445352,7.489518992,10.58898536,1.591368981,0.538265459,1.591368981,6.124367429,10.67801817,2.960678077,6.025026039,7.095132222,7.281304052,10.325722,7.168583877,9.842958718,16.48581567,6.295194217,15.802615,16.35549994,9.862324547,15.33194272,7.250140133,15.77882835,15.16772343,9.820964185,15.53601695,4.726127593,4.726127593,7.489518992,15.39118316,8.138250858,14.16464804,6.807218229,11.72522958,11.88202198,11.35552736,14.33964839,7.385059292,17.28196875,15.0446366,7.306696132,8.698268959,13.23450831,16.10230477
"A33A","Advanced Diabetes",6.34809127,2.012436927,2.012436927,9.582632328,7.257830981,3.310221052,6.34809127,2.012436927,2.012436927,4.017255252,13.60021085,9.280144709,10.44818322,9.146204298,5.346533134,4.240585979,13.09495053,7.29917233,6.68568224,9.834696604,3.460312945,8.394065313,5.864606687,5.609946628,4.956616434,2.012436927,11.46565072,9.233652504,3.460312945,0.398563766,7.129529884,6.176063649,2.012436927,3.600766498,2.012436927,2.012436927,10.90869608,6.666443994,8.448678668,2.012436927,9.832869914,10.80269652,11.98090284,2.012436927,5.728357638,8.457368668,13.54501914,14.05892272,6.371964739,4.45878505,11.35760157,10.75374969,2.012436927,11.66086928,9.984478145,8.11464901,9.442896621,10.33034136,4.017255252,2.012436927,5.036668488,6.453645636,8.739775195,4.730835927,5.284905053,5.10162955,4.240585979,9.389603056,2.012436927,9.811249826,14.78513182,7.002730033,16.10230477,16.04501939,11.91431174,15.34886166,6.433042118,17.49445805,14.70232099,10.53647632,14.05566731,2.012436927,6.176063649,8.330710055,2.012436927,6.604499555,13.7560096,8.070445821,11.79120424,11.56050187,11.4716666,13.46932878,6.065662001,17.69626797,14.65385884,7.388274954,9.452589241,12.8500728,16.68072034
"B3B","Early Diabetes",0.538265459,4.757084109,0.538265459,7.035627525,6.547477864,3.098847567,2.306343042,1.365201229,3.356967007,0.538265459,12.34946087,0.538265459,10.6222766,8.584351713,4.878196784,7.352853278,10.39922949,6.922021055,7.733233791,0.538265459,2.637020426,7.507419399,6.800518473,4.180068372,2.860378111,1.365201229,6.978780119,9.625008604,12.38943939,4.549394947,0.538265459,0.538265459,1.365201229,7.470651045,0.538265459,0.397763887,8.584351713,4.757084109,5.759093696,4.180068372,13.73570465,10.57320794,12.03685043,2.306343042,4.110668617,9.634345153,7.770540741,9.922672904,2.637020426,5.259809845,11.40513455,9.941052689,1.365201229,11.7697902,4.819557423,0.538265459,0.538265459,10.04627332,0.397763887,1.966855497,1.966855497,5.338067532,9.128902758,1.365201229,2.637020426,5.655211268,5.535600133,6.423509742,5.098992931,8.905075864,15.8259157,6.978780119,15.88453105,16.19815062,9.547798001,15.15432674,7.495389884,16.04501939,15.30175638,9.916135489,15.05524628,7.709602327,4.878196784,8.140716481,0.397763887,5.496524758,13.6357263,5.217230336,12.14343442,11.26776682,10.57550246,14.13292767,7.09200202,17.49445805,15.0446366,6.584094752,7.854475193,13.74454261,15.85746057
"B4B","Early Diabetes",0.403363038,0.849531882,0.849531882,4.915226356,3.170508835,8.198063034,1.989117181,7.965758952,3.170508835,1.989117181,12.2543075,0.403363038,10.1001641,8.289661518,2.654638801,8.727962981,10.95659479,6.129997918,8.283015407,6.912037359,0.403363038,7.069170672,7.007772062,7.809792412,6.39631045,0.849531882,5.160938999,9.729307377,11.30931648,4.09245356,0.849531882,0.849531882,7.382723758,6.969254319,6.154243856,0.403363038,6.666443994,4.249633924,4.63956861,7.382723758,10.53600437,10.39857088,12.31298746,4.09245356,4.63956861,9.212866742,6.330405368,9.086390265,2.654638801,5.65949343,11.54199925,9.043537108,0.849531882,12.22669791,4.09245356,5.078758139,6.100210495,9.747046617,0.403363038,0.849531882,1.989117181,5.279059549,8.355939888,1.989117181,1.989117181,4.816857144,5.078758139,5.230057565,5.372307897,9.193828461,15.02651881,7.142388036,15.67065864,15.88453105,9.062501814,14.65385884,7.669991388,15.94524494,14.97941216,11.1246033,15.05524628,7.007772062,5.078758139,8.295659384,0.403363038,5.54545424,13.53535943,4.495764638,11.85383472,10.49905362,10.60781539,14.03645001,5.464766919,17.49445805,14.92397961,5.54545424,7.973506253,13.72471579,15.73222605
"B5B","Early Diabetes",1.090079389,0.421760249,1.090079389,5.684145064,5.197860419,3.873361564,2.134593951,2.134593951,2.134593951,0.421760249,12.22080929,3.135256584,10.62486799,8.439818747,4.027248285,8.843544751,8.974557643,6.860378057,8.25096286,1.090079389,2.69459396,7.381491561,6.427722474,7.624866217,4.479988842,0.421760249,6.663742294,9.632953827,2.134593951,4.351313741,1.090079389,0.421760249,4.027248285,6.840615627,5.401678517,0.421760249,8.25096286,3.672920967,0.421760249,4.956616434,12.37095622,10.55325497,11.95910231,3.672920967,5.292908511,9.974411136,4.183246058,6.387539847,2.69459396,10.58445977,11.2504417,10.14532264,0.421760249,11.91306557,5.084436604,2.134593951,2.69459396,10.46670755,1.090079389,2.69459396,1.090079389,5.604067587,8.352077047,0.421760249,2.69459396,4.763946886,5.03110201,4.863434937,4.956616434,9.283053956,15.21683794,8.241839846,15.90900093,16.04501939,10.38663219,14.8840866,7.532526838,15.73222605,14.84354324,10.14374289,14.76290442,6.139559404,4.57293207,8.937775975,2.69459396,6.094244821,12.68205976,4.956616434,12.12579447,11.15572901,10.30737695,13.9629618,6.387539847,17.28196875,15.0446366,6.094244821,7.728561406,13.64433961,15.75425926
"B6B","Early Diabetes",1.387928501,1.387928501,3.785704203,6.897958396,3.978226805,4.709594781,1.387928501,3.785704203,3.350319706,0.426559521,3.785704203,2.487612698,10.9356686,8.403428775,0.426559521,8.003255066,8.609380498,5.787491425,7.895542435,1.387928501,0.426559521,7.384126979,8.01958018,6.513865283,1.387928501,1.387928501,7.069009151,1.387928501,11.19706919,4.511066048,0.426559521,2.97937865,1.387928501,5.649440088,1.387928501,1.387928501,8.683775504,5.2029652,4.39629983,5.751739612,10.00372602,9.880455325,3.785704203,3.978226805,4.39629983,9.987346602,11.70336937,11.29256697,4.781733641,5.537832656,3.978226805,9.862324547,0.426559521,4.147195984,5.152296597,0.426559521,0.426559521,10.40021796,0.426559521,2.487612698,0.426559521,5.393682728,8.041655457,0.426559521,4.147195984,4.938253861,5.015076338,6.897958396,7.585899507,9.260261802,15.51983992,7.335755195,15.64885183,16.01046852,10.48586356,15.06858786,7.359525475,15.88453105,15.44280356,11.41919613,15.16772343,6.330827143,4.781733641,9.10670308,15.45965053,5.814964462,13.58740116,5.152296597,12.15982348,11.03079205,10.81819577,13.97316855,6.805971291,17.15144268,14.99760703,6.604976109,7.787386583,13.74549579,15.85746057
"B8B","Early Diabetes",0.538265459,0.538265459,0.538265459,7.56776338,5.221966142,6.843169369,3.0005806,1.939208231,3.264534831,0.397763887,12.96036377,9.390722811,10.30455389,8.577126186,1.387928501,8.630970634,8.760739662,6.666673288,5.797667936,8.271156146,2.462954459,6.993012384,6.376051217,7.435745035,5.729925161,1.939208231,9.204296581,9.571681075,11.79273966,5.053473161,0.538265459,3.597108224,6.119404537,7.134797411,6.391545407,1.04900997,8.99905969,5.414302024,3.945103895,4.915226356,12.28624552,10.02670763,12.15503944,4.089789182,5.053473161,9.139439082,7.504284917,10.34763237,3.945103895,6.192786532,11.26728852,10.29350222,0.538265459,11.92760862,4.428714542,5.772655594,7.220254847,10.66408575,0.538265459,1.939208231,2.760054933,5.561965266,7.683925024,0.538265459,0.397763887,4.760050632,4.760050632,6.192786532,8.588389733,9.067244829,14.61163379,7.364522918,16.28682377,16.22855028,10.59124257,15.30175638,7.134797411,16.58238663,14.96961898,10.22792367,14.27789183,6.887148155,4.915226356,8.03125857,5.053473161,4.915226356,13.47454276,5.946140458,12.07625853,11.62818573,10.25829692,14.15120245,6.449279501,18.10830738,15.1319202,6.775978857,8.301292041,13.23811844,16.01046852
"B9B","Early Diabetes",0.485446671,0.399363645,1.021751519,7.081931368,3.986626744,8.390375702,2.973400595,3.316068475,2.973400595,1.021751519,12.1231992,0.485446671,10.63931553,8.338333129,1.021751519,7.914786299,10.53114682,6.47217857,7.491997379,8.687331532,1.021751519,6.90446026,5.839359387,6.866819202,5.916543851,0.485446671,5.494251537,9.28947145,11.26100271,4.149542017,6.660444426,3.816447167,7.239572397,6.820703261,6.140356229,1.021751519,7.748919746,5.341451493,3.316068475,6.112636244,12.25883598,10.55020627,12.12943425,4.271576041,2.462954459,9.252668698,10.39421746,8.47954526,3.612535778,6.34809127,11.36094223,10.03052808,0.399363645,11.78878082,3.316068475,5.718235883,7.419944487,10.04544124,1.021751519,2.462954459,0.485446671,5.05483608,8.798573102,0.485446671,1.78696652,3.986626744,4.724027488,5.876104227,9.908060789,8.698268959,15.12170168,7.375507809,15.90900093,16.13628441,9.918190646,15.07948916,7.359525475,15.94524494,15.49081422,10.49281593,15.33194272,8.106708528,5.688047897,9.003285607,4.816857144,6.029562724,14.0665001,4.149542017,12.08032817,11.28323001,10.40884697,14.44031147,6.214903008,17.15144268,15.30175638,6.88342379,8.151891303,13.01967851,15.85746057
"N2A","Healthy",0.788927876,4.857742667,0.404162917,6.661234041,1.406277477,2.451590823,1.998084263,2.983332323,7.821770573,1.406277477,11.97246871,8.978611181,12.91260272,11.28666319,3.969236233,6.237960361,9.440766719,8.587497536,7.674079072,0.404162917,2.669862696,11.68679252,0.788927876,6.53062033,0.404162917,0.788927876,6.556142938,9.247765619,12.06580418,8.065247644,6.731137446,2.983332323,0.404162917,6.105066894,0.404162917,0.404162917,8.241317762,6.161409781,4.658244313,5.407554566,9.426565093,13.390652,12.3817516,3.860224659,3.860224659,14.4456073,11.43697604,10.1302215,6.189290945,5.584042184,11.63901262,12.47114076,0.404162917,12.10352378,4.425502949,0.788927876,0.404162917,13.82252965,0.788927876,0.788927876,1.998084263,8.026616607,12.84114083,0.404162917,3.969236233,6.411467652,7.495686614,7.411715547,5.098992931,9.518368196,15.53601695,6.710314435,15.27736572,16.07538853,9.962393518,14.8840866,7.691124396,15.54868947,15.75425926,10.92740834,15.34886166,5.935359525,4.425502949,7.351674194,0.404162917,5.226195633,13.86685117,5.156985482,11.42723856,10.94129155,11.02919084,13.98463557,6.13509341,17.28196875,14.80880684,5.817935972,7.495686614,13.59650873,15.35971531
"N3A","Healthy",3.421145623,4.13182593,3.421145623,6.553187758,2.447212526,0.419360613,2.447212526,4.263050366,6.799525076,2.447212526,12.17623809,1.191490883,12.02327883,10.05899565,4.617246683,9.175175416,8.246986886,7.88521287,7.097292154,1.191490883,2.447212526,11.01404191,7.970194487,7.67220104,0.419360613,0.419360613,6.338748949,9.649851033,11.26464097,8.228199415,1.191490883,3.421145623,1.191490883,6.109297889,1.191490883,2.447212526,7.367030562,5.623003059,3.421145623,5.835143701,12.60265633,12.23347697,12.52383229,0.419360613,0.419360613,13.72925867,11.34272195,6.955624051,5.835143701,11.7712865,11.76039366,11.51071974,0.419360613,12.19310574,4.804177949,1.191490883,1.191490883,13.12461169,2.447212526,1.191490883,1.191490883,6.955624051,12.60505887,3.421145623,3.0005806,6.142641013,5.97280008,4.511066048,5.358534795,9.295817738,15.30175638,9.116345564,15.47535364,15.802615,9.768355425,14.63986099,7.535315213,15.88453105,15.50597898,11.20119821,15.37601713,7.05867966,5.027123983,7.970194487,2.447212526,4.891827687,13.60863935,5.027123983,11.74712405,10.71331939,10.54283553,13.87164669,5.870647591,17.28196875,14.90757693,6.109297889,7.339211837,14.11656211,15.71455686
"N5B","Healthy",1.266313173,4.003707171,3.301384602,6.71409991,4.003707171,3.301384602,3.301384602,0.404162917,8.567215537,1.266313173,3.799929183,9.222544406,13.32001221,12.13094599,3.570243438,8.148212761,9.394444826,10.48254737,8.157700979,1.266313173,5.983387752,10.75406366,1.266313173,6.322450321,2.947955558,1.266313173,5.840430671,2.947955558,0.404162917,7.669891727,1.266313173,4.904415591,0.404162917,5.876104227,1.266313173,0.404162917,7.789850747,7.296395002,3.301384602,5.104620564,12.67342687,13.21722252,4.63467479,2.462954459,4.63467479,14.54378978,10.70451628,12.36479344,6.268252176,4.364101492,3.301384602,13.40457961,0.404162917,3.799929183,3.570243438,1.266313173,1.266313173,14.06160767,1.266313173,2.462954459,2.947955558,8.768995972,13.85462971,1.266313173,7.20116429,8.403428775,8.819425826,8.350183296,5.049927593,9.003506831,14.94177954,6.550865164,15.24279998,16.07538853,9.431310744,14.89969464,8.115058826,15.77882835,15.50597898,11.04862208,15.15432674,5.32095547,5.174519627,8.37321789,15.62672651,5.840430671,13.24438463,5.252044629,11.77514807,12.15240277,10.88816044,13.68700576,6.063974857,17.28196875,14.57819522,6.025026039,7.417796697,13.86302275,15.51983992
"N6B","Healthy",3.040142366,4.087124805,2.158248653,6.061869184,2.158248653,4.204476462,2.669862696,2.669862696,7.969303752,3.040142366,12.06223313,8.798495959,14.07761832,12.92454834,3.904004964,7.60874076,11.9082495,11.98134924,8.08200824,0.404162917,2.158248653,11.8431596,0.404162917,5.697619513,2.158248653,1.04900997,4.844133449,9.517400891,11.07569373,8.897080038,7.570468979,4.346836863,1.04900997,5.658772774,1.04900997,1.04900997,7.437881034,8.90308948,6.162500831,5.273028493,8.816256162,12.75824131,12.46493567,2.669862696,3.904004964,14.54807576,10.72012648,7.938340286,6.191338926,5.331806313,11.85737669,13.77677413,1.04900997,12.16167461,0.404162917,1.04900997,2.158248653,14.29841684,1.04900997,1.04900997,0.404162917,8.690711319,14.01616057,2.669862696,2.669862696,7.598694214,7.675768286,6.746136764,6.261884497,9.170468727,15.97642811,6.59403936,15.54868947,15.94524494,10.46343128,14.87647793,7.928318873,15.69088072,15.57152274,11.00787958,15.37601713,6.061869184,5.445216855,8.333038343,6.988901075,5.613230912,13.71879938,4.346836863,12.23376877,12.914249,10.29605613,14.06505771,5.577430065,17.28196875,14.71539838,6.661804291,7.551352834,13.93152251,15.60776231
"N7B","Healthy",3.292087985,1.654634553,3.292087985,5.691598713,0.436158066,4.010916215,0.436158066,3.292087985,7.820464132,0.436158066,3.292087985,9.166980652,14.10300429,11.28943709,4.316935937,6.71090155,8.896308964,8.607461777,7.831409879,1.654634553,0.436158066,12.71844614,1.654634553,5.652425263,3.612535778,1.654634553,6.28765358,1.654634553,11.28718087,8.278709922,8.499075382,5.062515722,1.654634553,6.885903317,1.654634553,2.708146745,7.755359926,8.568299586,4.456702013,5.357468636,8.761718034,13.7397673,4.160128555,0.436158066,0.436158066,14.84354324,10.68863396,8.075519652,8.857711124,5.565921239,3.292087985,13.15570213,1.654634553,4.456702013,3.292087985,0.436158066,0.436158066,14.09490405,1.654634553,0.436158066,2.708146745,7.246607894,14.70232099,0.436158066,4.160128555,9.397048383,9.019738758,5.840663217,4.79264792,9.306599884,15.85746057,6.521272781,15.4288197,15.97642811,9.812143736,14.89184773,7.580967032,15.62672651,15.51983992,11.03096884,15.33194272,6.261884497,4.674959418,8.289027794,15.57152274,4.57293207,13.7746877,4.891827687,12.17146638,11.68865435,10.7751522,13.96794811,5.512423428,17.28196875,14.71539838,6.15014894,7.774058914,13.95147456,15.88453105
"N8B","Healthy",0.442557096,1.616081744,0.442557096,7.380134869,0.442557096,3.674483507,0.442557096,0.442557096,7.522326565,3.091121373,11.9761254,9.460636075,13.32154321,11.39381065,3.904004964,9.23491085,9.734544393,8.849864197,6.865605315,1.616081744,0.442557096,11.50705763,6.92842557,6.385494344,1.616081744,0.442557096,6.703280856,9.352935438,2.58224178,7.63842999,1.616081744,3.091121373,0.442557096,7.146334482,0.442557096,0.442557096,7.917563326,8.006701691,5.45688316,5.618548137,12.0370947,12.988088,12.36823278,3.091121373,3.091121373,14.10909216,10.4552338,7.364522918,6.7638881,7.466368669,11.47682522,12.77846507,0.442557096,12.03553601,2.58224178,1.616081744,0.442557096,13.5472206,0.442557096,0.442557096,0.442557096,8.347686141,13.66937897,2.58224178,3.091121373,7.845894521,8.160803785,3.674483507,2.58224178,8.965255293,15.85746057,7.544178867,15.90900093,16.07538853,10.08267152,14.99760703,7.626515946,15.64885183,15.73222605,10.4065257,15.54868947,6.991111211,4.089789182,8.972219078,6.163733113,5.08884217,13.90021693,4.089789182,12.07438395,11.74111607,10.42301428,14.22574761,5.618548137,16.84790866,15.03537442,6.611830043,7.335015916,13.69068815,16.17491885
"N10B","Healthy",0.485446671,4.416166294,3.767382294,6.623160835,2.97937865,2.97937865,0.397763887,1.283524232,8.404501316,5.610871796,11.67000658,1.283524232,13.22175983,10.37579785,3.767382294,6.159082411,11.91828036,10.78947264,7.902544249,0.397763887,2.376768533,10.22742615,0.485446671,4.98945788,1.939208231,1.283524232,6.827047665,9.410199478,11.10215284,4.727863035,0.397763887,5.056198999,1.283524232,5.16697484,0.485446671,5.215603801,8.428800782,7.418193371,5.372307897,3.767382294,10.74187672,13.02095808,12.26728773,1.283524232,4.09245356,13.89744105,1.283524232,10.0266517,5.372307897,3.597108224,11.66206902,12.19450953,1.283524232,12.02634725,2.69459396,0.485446671,0.485446671,12.72650286,0.485446671,1.939208231,2.69459396,8.631608123,12.96036377,7.580012825,4.662966385,7.790069555,8.844601468,6.863158643,3.87914731,9.607895585,16.68072034,6.311870824,15.77882835,16.19815062,10.21159305,15.39118316,7.381623243,15.27736572,15.45965053,10.34799039,15.26589204,6.132876231,6.311870824,8.201615476,1.939208231,5.117636063,14.00419795,5.056198999,12.17571675,12.81351234,10.62739362,14.21488428,6.23860966,17.15144268,14.93371402,7.121642879,8.532072416,13.22545452,15.802615
"N12B","Healthy",2.012436927,0.434558309,0.434558309,6.037648533,0.434558309,4.196658937,2.654638801,0.434558309,7.833266755,1.122646648,11.88071289,0.434558309,13.40731241,11.23620477,4.037543861,8.225429324,7.794863746,8.94567127,7.939761189,1.122646648,2.654638801,12.06269557,7.169778796,6.20094042,1.122646648,0.434558309,6.07708944,9.480728965,11.22764781,7.629306157,1.122646648,3.612535778,2.654638801,6.547871345,1.122646648,1.122646648,7.960079968,6.802710735,4.196658937,4.763946886,12.08223346,13.0876308,12.16568367,2.654638801,3.376495105,14.41095,11.30985077,8.425301776,6.737159978,4.359322763,11.51644952,12.93910627,1.122646648,11.8462577,4.763946886,2.012436927,0.434558309,13.46086166,2.012436927,1.122646648,1.122646648,9.812143736,13.60353563,0.434558309,2.654638801,6.603190695,7.770385712,5.478157402,7.088858428,8.981996481,15.75425926,7.604989049,15.69088072,16.26304712,9.67274556,15.0446366,7.782537987,15.62672651,15.59151284,10.16305115,15.30175638,6.664854369,5.168126852,7.939761189,0.434558309,4.542370466,13.56430562,4.659530302,12.43323535,11.45834094,10.75971302,14.10909216,5.3632127,16.98702132,14.7925135,6.895120524,7.770385712,13.16526413,16.22855028
"N13B","Healthy",0.746672846,3.554440151,0.40256316,8.020436309,5.697619513,3.957134072,2.829306484,0.40256316,9.128226988,2.365146714,11.82376548,0.40256316,15.05524628,11.71441484,3.554440151,7.271414855,10.93639349,12.21371188,7.302396745,0.746672846,4.877217949,12.78930985,5.751739612,5.88468562,2.829306484,0.40256316,7.148126564,9.496765026,11.98651769,7.833015681,0.746672846,5.566564234,1.705805889,5.418447844,2.829306484,3.554440151,8.180602823,10.24940459,6.267665482,3.207494659,10.82560485,14.50421105,12.24653343,1.705805889,4.256894994,16.07538853,10.60933261,11.43175628,8.73778906,6.226890657,12.00171016,13.84707024,0.40256316,11.84170553,2.829306484,0.746672846,0.746672846,13.86009234,3.554440151,0.746672846,0.746672846,9.493394041,15.27736572,1.705805889,4.964653917,10.73617318,11.2937262,8.285258313,3.554440151,8.90085003,15.50597898,7.255503365,15.59151284,16.68072034,9.801580481,15.90900093,8.404932856,15.73222605,15.67065864,11.3142524,15.18924956,5.495287309,6.46922262,6.772566719,0.40256316,5.495287309,13.8007284,5.638493159,11.97296259,12.92892286,10.89876515,13.93708403,6.52152308,17.15144268,14.89184773,7.255503365,8.31087285,13.60259846,15.85746057
